timestamp,Filtered_X,Filtered_Y,Filtered_Z
2,2.1272477786413733e-07,-1.225041777659988e-10,-7.79603978721776e-06
16,9.135974197442231e-07,2.2071243561952343e-07,-2.723163717218742e-05
52,2.180169032776429e-06,8.925812301093086e-07,-5.2471635021105964e-05
95,4.04548257085673e-06,2.0740977149721276e-06,-8.151119499424169e-05
139,6.484258005065638e-06,3.7804098049263934e-06,-0.00011387854035374506
185,9.460655328371125e-06,5.9871157479742855e-06,-0.00014867462926940295
229,1.2952879014076648e-05,8.665693091238022e-06,-0.00018550046196950053
275,1.6931014667868355e-05,1.1791368294345055e-05,-0.00022438194865279033
320,2.137198577642525e-05,1.5346728139298054e-05,-0.0002651250641850238
365,2.6222870317500926e-05,1.9272766571363804e-05,-0.0003076222316110441
411,3.142975753607608e-05,2.3522046946108956e-05,-0.0003516075496763534
457,3.6953309308816105e-05,2.8067665510643817e-05,-0.0003970187429483698
503,4.277207363786445e-05,3.289724388325228e-05,-0.00044399250568471306
547,4.8866510591540615e-05,3.798387325717121e-05,-0.0004924882598074575
593,5.5209794617428e-05,4.3293725273780954e-05,-0.0005424852783961893
640,6.17782805622203e-05,4.8806137442034004e-05,-0.0005937993353939166
685,6.857364129791082e-05,5.4539095145582616e-05,-0.0006463996208967138
729,7.561995375591059e-05,6.0514678191987714e-05,-0.0007004077347214618
774,8.291834491441518e-05,6.672612935816593e-05,-0.0007556374906482514
819,9.046191169952183e-05,7.317470631291217e-05,-0.0008120755832298766
864,9.824272309578759e-05,7.98528078922183e-05,-0.0008698770253164368
909,0.00010625446481407853,8.675438459124414e-05,-0.0009291939694836355
952,0.00011451369808638005,9.389551371984785e-05,-0.000990003117406211
997,0.00012303962422004097,0.00010129482473482371,-0.001051966882882601
1041,0.00013182094319438202,0.00010893397022768588,-0.00111509052478194
1087,0.00014084665215299312,0.00011680232633178157,-0.00117938047610164
1133,0.00015012840080307681,0.00012491863894104697,-0.0012448183097039324
1179,0.0001596728560802918,0.00013328938475301838,-0.0013115467496353026
1224,0.00016948504979214361,0.00014191945409266888,-0.0013794040480775136
1270,0.000179550607007649,0.00015078898760729998,-0.0014482508288515882
1317,0.0001898423311391081,0.00015985695756157706,-0.0015182681351893588
1363,0.00020033987382825108,0.00016910369470418487,-0.0015894722164250762
1411,0.0002110368124849867,0.00017852581723704465,-0.0016617147184554758
1458,0.000221938748015259,0.000188134670994957,-0.0017349885985509829
1504,0.0002330538531217254,0.00019795003848125032,-0.0018095884892061088
1548,0.00024439877837026044,0.00020798805425611847,-0.0018856527164436959
1595,0.0002559809836389822,0.00021826596223249451,-0.001963326224635316
1644,0.00026774885652267136,0.00022875144513008952,-0.0020428283056431575
1691,0.00027964301375652244,0.0002393863403400491,-0.0021234640863913696
1740,0.00029165902631369584,0.0002502020044957283,-0.002205242835996134
1786,0.0003038206838682632,0.0002612308021791869,-0.002288303967018489
1831,0.0003161275838910108,0.0002724529925326128,-0.002372205686903768
1879,0.0003285812874877019,0.00028392365788437187,-0.002457569669214602
1926,0.0003411888088038189,0.0002956881081821739,-0.0025448496900154407
1975,0.00035393818739753514,0.00030767289374234336,-0.0026330472955782766
2022,0.0003668614875715803,0.0003200614190589742,-0.0027231078596423597
2069,0.0003799876620463275,0.00033286844711546054,-0.002814886808472369
2117,0.00039331476685224227,0.0003459361816826246,-0.00290691771366008
2163,0.00040683547101292243,0.0003592377265500124,-0.002999044348420643
2211,0.0004205354949492955,0.00037267096097663493,-0.0030906853196915897
2259,0.00043436456942565394,0.00038652563817121816,-0.0031844955548372784
2310,0.0004482270311705857,0.00040087706559627733,-0.003281552337039109
2359,0.0004620650246592977,0.0004154152433995465,-0.0033798580884604095
2407,0.00047587203704393434,0.00043020804256835705,-0.003479741994987827
2456,0.0004896490327367588,0.00044526301003990017,-0.003581161774649809
2505,0.0005033913035201599,0.00046039227727979223,-0.003683127038204536
2550,0.0005170942877246031,0.0004757676641629507,-0.0037864333131321926
2595,0.0005307492374758157,0.0004914109924225451,-0.0038912352399255064
2642,0.0005443203532300709,0.0005072432669335599,-0.003997397426588084
2689,0.0005577463111726237,0.0005233366287715811,-0.004105598582962137
2737,0.0005709950202924996,0.0005395489633675112,-0.004215311330213803
2785,0.0005840643595374473,0.0005558754608200098,-0.0043263654194202125
2833,0.000596952273858523,0.0005726519316371769,-0.004440165112910293
2880,0.0006096578587281962,0.0005895020052689887,-0.004555329391258323
2927,0.0006221493040648443,0.0006062357991523036,-0.004671170317641162
2975,0.0006343710927487997,0.0006232889111645768,-0.004789416905374585
3022,0.0006462812171833485,0.0006404914030951045,-0.004909510924352925
3070,0.0006578477716992941,0.000657673895979592,-0.005030965584128658
3119,0.0006690392316151897,0.0006749832224916467,-0.005154346084913397
3167,0.0006797973525412257,0.0006924731429452417,-0.005279987409708518
3214,0.000690097837391394,0.0007101997260498392,-0.005408191787092532
3262,0.0006999619609333936,0.0007281076284718055,-0.005538617890353718
3310,0.0007094023567137638,0.0007459976724451285,-0.005670379681015187
3358,0.0007184517242360447,0.0007640183443645845,-0.005803658167283072
3407,0.0007271403599185155,0.0007819559645902704,-0.005937874088363014
3454,0.0007354919849676338,0.0007999069087827778,-0.006073208861338279
3504,0.0007435212434368018,0.000818018639691605,-0.006209947859528757
3552,0.0007511942239526949,0.0008364519041732427,-0.006348467407167622
3600,0.0007584867082108818,0.0008551845777256457,-0.006488776699670436
3649,0.0007654675417790439,0.0008743490981902215,-0.006630849266099997
3695,0.000772200122819111,0.0008939962409650681,-0.006774587160653579
3744,0.0007786792566838695,0.0009136247031072569,-0.0069189663939623666
3792,0.0007849461461473943,0.0009337176445622532,-0.007064671792236131
3841,0.0007910608124209528,0.0009543009161306149,-0.007211564483331939
3889,0.0007970422381809422,0.0009752870477858651,-0.00735941135979275
3937,0.0008029177118247272,0.0009967983147611014,-0.007508323920608334
3985,0.0008087222882031218,0.0010189207076173193,-0.007658335667373091
4033,0.0008144910498021898,0.0010419703925298798,-0.007809826632381954
4080,0.0008202391899919318,0.0010656880483742156,-0.007962354553873485
4129,0.0008259726103120716,0.0010898317983345184,-0.008115500253848005
4177,0.0008316948319017872,0.0011145537128534732,-0.008269439500942074
4227,0.0008374318359102489,0.0011401299187359327,-0.008424433869621467
4276,0.0008432130637615412,0.001166227216408415,-0.008579971997162577
4324,0.0008490284571878963,0.0011928293882261006,-0.008736060789468347
4375,0.0008548693145253983,0.0012197977946735404,-0.008892571096063362
4423,0.000860734843165756,0.0012474037296459188,-0.009049763204717306
4473,0.0008666236165408293,0.0012757859754270059,-0.009207792309900587
4520,0.0008725303888595171,0.0013044337203031067,-0.00936606729965861
4570,0.0008784899898007072,0.001334129294036558,-0.009525328931568915
4616,0.0008845254783434452,0.0013643699555528862,-0.009685008759522818
4665,0.0008906272886030812,0.0013945543185142335,-0.009844487134751962
4715,0.0008967972652709399,0.0014250625439656353,-0.010004138936489371
4765,0.0009030249987485411,0.0014561142559582358,-0.010164198482212183
4813,0.0009093225186147175,0.0014877724685035947,-0.010324654490120056
4860,0.0009156990597029815,0.0015196160013547057,-0.01048505380739875
4910,0.00092215282341598,0.001552086688647812,-0.010645840532448419
4958,0.000928701798961582,0.0015857605180461557,-0.010807518813979324
5005,0.0009353679215853063,0.001620234090535834,-0.010969649500415351
5055,0.0009421734357445991,0.0016552493037473599,-0.011131944407365946
5103,0.0009491297685608958,0.001690803602029126,-0.011294397414371141
5150,0.000956208266475911,0.0017273835215942035,-0.011457453688761684
5200,0.0009633735424653381,0.0017652153124094148,-0.01162132647588626
5249,0.00097063848780041,0.001803176962612591,-0.011785119002991661
5298,0.0009780288440879377,0.0018411859164959804,-0.01194870854663283
5344,0.0009855507446091451,0.0018795697512131078,-0.012112338989092456
5393,0.0009931627390532898,0.0019188129803411223,-0.012276418996092756
5442,0.001000811352252686,0.0019580412067217155,-0.012440545518775072
5488,0.0010084618272747509,0.0019968442367366357,-0.012604463782957402
5537,0.0010160917215747797,0.0020361095801444675,-0.01276870883589816
5584,0.0010236777143033057,0.0020758545388353342,-0.012933319684560374
5633,0.0010311943817455187,0.0021162985981413784,-0.013098473082629965
5680,0.0010385655281319557,0.0021578284619858433,-0.013264487170343058
5729,0.0010457185673546842,0.0022001967784711783,-0.013431320879597985
5779,0.0010526612874984858,0.0022426556435382015,-0.013598525258001442
5825,0.0010594070065180706,0.0022850893589324048,-0.013765973335404465
5874,0.001065971694034577,0.002327800146422985,-0.013933800347330003
5921,0.0010723670320674065,0.0023708240245256663,-0.014102052718903805
5969,0.0010785876809160377,0.0024139766868766727,-0.01427061606751879
6017,0.0010846280608805235,0.002457373963757422,-0.014439557974798555
6065,0.0010904877958207019,0.0025009567190046535,-0.014608843634068978
6113,0.0010961700079195698,0.002544749816580397,-0.014778461282376552
6162,0.0011016869399813518,0.002588793366906751,-0.01494840050774237
6211,0.0011070580973319478,0.0026324929204950796,-0.015118421734229925
6260,0.00111229900283862,0.002675573321497097,-0.015288385864008611
6310,0.0011174327180870304,0.002719037353176268,-0.015458558926142837
6361,0.0011224631339771987,0.002762518239669184,-0.01562876136393207
6409,0.0011273798433046865,0.0028057781512418043,-0.015798946611230266
6458,0.001132194824730193,0.002849301243743541,-0.015969233997483193
6506,0.0011369027141215108,0.0028926009532530693,-0.016139344190928738
6553,0.0011415190870043511,0.002935882887246977,-0.016308983897540246
6601,0.0011460548541672709,0.002979128527912554,-0.016477874616107353
6649,0.001150519964129449,0.003022385616595985,-0.01664554714245315
6696,0.001154933727068591,0.0030658785191069473,-0.016810960508093057
6743,0.001159317720991904,0.0031095272117433654,-0.01697637019057475
6790,0.0011636847060729218,0.0031532921528298554,-0.01714433050958482
6837,0.0011679773989962123,0.003196356720770917,-0.017314005440702575
6883,0.0011721829657708274,0.003239052388859472,-0.01748502699359925
6930,0.0011763494561863388,0.0032820568339050277,-0.017657505328448706
6977,0.0011804723771093029,0.0033249088333777714,-0.017831303535596445
7023,0.0011845221248329933,0.0033674024451832794,-0.018006207621304834
7070,0.0011884323565723503,0.0034092264320493035,-0.01818230229971353
7117,0.0011921156434442056,0.003450163338870611,-0.01835986613561129
7165,0.001195532507370967,0.0034905334726912686,-0.018538821983554492
7212,0.0011985322348971312,0.003529485373463575,-0.01871936238772069
7259,0.0012010367925311411,0.003567394911532053,-0.018901533077033857
7306,0.0012031139065593797,0.003605228596074214,-0.019084818532443388
7352,0.0012046544394225746,0.0036414002104557318,-0.019269577621826725
7398,0.0012056307023048604,0.003676238479561496,-0.019455882340130657
7446,0.0012062874017063944,0.0037118927021941774,-0.01964283691373843
7493,0.0012066115548831874,0.003747031624435942,-0.019830917614405336
7539,0.0012064069086122945,0.0037804997498233884,-0.020020640002084103
7587,0.001205797656339445,0.003814021384740868,-0.020211126132081154
7635,0.0012050113671669914,0.003848321621871058,-0.020401890217840384
7684,0.0012039863773927995,0.0038819610089619104,-0.020593665914736197
7732,0.0012027092091607499,0.003915027392439107,-0.020786340394940858
7779,0.0012012802845990894,0.003948240427049709,-0.020979342900421635
7828,0.0011996060660762107,0.003980703591319305,-0.0211733349380496
7874,0.0011975777598999748,0.00401217587507754,-0.021368496008315974
7922,0.0011950237588428396,0.004041902832262172,-0.021565723551274178
7971,0.0011918420971697302,0.004070176126541689,-0.02176463820259
8018,0.0011879704591753724,0.00409732965573028,-0.02196486227194031
8066,0.001183297962281464,0.004122894707871213,-0.022166969577700396
8114,0.0011778333986193637,0.004147561791803266,-0.022370055535924267
8162,0.0011715907060301637,0.0041713609161501755,-0.022574086804628
8208,0.0011646812903719648,0.00419471200262952,-0.022778448119066437
8257,0.0011572239624659008,0.004217873277893315,-0.022982859209691866
8306,0.0011491895720145606,0.004240318190790559,-0.0231881915574871
8353,0.001140569268632237,0.0042621178856044875,-0.023394295110483514
8401,0.0011313977644707754,0.004283425471648639,-0.02360088698016744
8452,0.0011214699336987305,0.004303646911784565,-0.023809463191795457
8501,0.0011108788084349815,0.004323295454467384,-0.024019077967602793
8550,0.0010997392340993221,0.004342513801646526,-0.024230321280049757
8599,0.0010879677144298534,0.004360866178639242,-0.024443730188021016
8648,0.0010757388139378296,0.00437891671373579,-0.02465692789327945
8696,0.0010632798564306999,0.0043969216693593785,-0.02486884560016175
8743,0.0010505088982660786,0.004414567736418259,-0.025081296417212556
8792,0.0010373910017019137,0.004431787468258349,-0.025293784085896026
8839,0.0010237632196563973,0.004448841825490619,-0.02550800438490861
8890,0.0010092359378478782,0.004465263588430622,-0.02572629318301143
8937,0.0009937349965463132,0.004480913433464052,-0.02594662150575578
8986,0.0009772486529478397,0.004495573388078974,-0.02616780380063511
9034,0.0009598029918315905,0.004509371164272926,-0.026389871043421803
9082,0.0009413539111020684,0.0045219888519123855,-0.026612339373667002
9133,0.0009217811830924472,0.004533531277283427,-0.026835810887972045
9183,0.0009009721731778293,0.004544852906664852,-0.027063047496365705
9232,0.0008789471911199674,0.004555440465301991,-0.027292429916339747
9277,0.0008557566626626393,0.0045648301418172894,-0.02752277548520838
9327,0.0008314303657130403,0.004573257088368821,-0.027754508911893395
9376,0.0008059243677854981,0.004581284893651539,-0.027988827603213244
9427,0.0007793811072549005,0.0045879364726524145,-0.02822357121332559
9478,0.0007517997602302603,0.00459332528588883,-0.02845867841718201
9525,0.0007230166288099002,0.004598196647533073,-0.028695962085030696
9573,0.0006931081883084987,0.004601809932590143,-0.028934281894132514
9623,0.0006621200895035953,0.004604509309285986,-0.02917388055930697
9672,0.0006301541196926349,0.00460606843589122,-0.02941432142976133
9721,0.0005973028075510469,0.004606506812659449,-0.029655479569856348
9771,0.0005635562754619077,0.004606384900683348,-0.0298978934637876
9821,0.000528977855582089,0.004605215066495675,-0.030141109252761627
9871,0.00049359274193963,0.004603131977817792,-0.030385720596073116
9920,0.00045722273178059854,0.004601783505454217,-0.030632763228057934
9971,0.0004198167337036781,0.004600389311096129,-0.030881652262125327
10020,0.00038147333917259497,0.004597621699423232,-0.03113253235592939
10072,0.00034216647512107495,0.0045942434799183815,-0.031386231743753996
10121,0.00030183847615699726,0.004590383114109024,-0.031642825424053084
10174,0.0002606954349083568,0.0045852604017026085,-0.03189684243567424
10225,0.00021886223541831454,0.004579225876408591,-0.03214355054241923
10276,0.000176393112209777,0.0045725200990965964,-0.032384055633290665
10327,0.0001331094285439985,0.004565692483941678,-0.032618973980303945
10381,8.92579252156182e-05,0.004557782837397945,-0.032848678871110516
10431,4.4986550646536295e-05,0.004549091678690634,-0.033074214437375966
10483,-4.840581003236586e-08,0.004540747157513439,-0.03329670433895357
10536,-4.5397413973413335e-05,0.004530999530354768,-0.033516472840444275
10590,-9.05897356048114e-05,0.0045201493675931645,-0.0337344442568101
10641,-0.0001346342603754673,0.004508177496476935,-0.03395020233640104
10694,-0.00017673528191011124,0.0044963744720119955,-0.03416222741645031
10742,-0.0002168440137217028,0.004486275635109848,-0.034370220958458965
10796,-0.0002548317664006558,0.004477823249660276,-0.034574293868897724
10849,-0.00029050159071765933,0.004471122773944871,-0.034774881472591626
10900,-0.0003234177601100588,0.004466082299522386,-0.03497263783343154
10952,-0.00035312785409010046,0.004463173473178633,-0.03516741882011125
11002,-0.00037928033342983725,0.004463013739413059,-0.03535870743095533
11054,-0.0004015263512487757,0.004465896663150845,-0.035546660928475644
11105,-0.0004196472327638939,0.004472212083595103,-0.03573098433077752
11157,-0.00043346894055337846,0.00448218056093005,-0.03591169094905275
11208,-0.00044265666348448343,0.004495889893049466,-0.036089166366364174
11259,-0.0004469735031190474,0.004513769747573758,-0.03626298890270077
11312,-0.00044614850100855013,0.004536113808623789,-0.036433229550378594
11364,-0.0004398467172354492,0.004563165831519257,-0.036599805706690934
11413,-0.00042773008052750223,0.0045951879130568885,-0.03676253915859059
11464,-0.0004094966794228081,0.004632523521042691,-0.0369211411231491
11515,-0.00038487265181245093,0.004675478053789771,-0.0370757303270792
11567,-0.00035372200194963023,0.004724356320105185,-0.03722582254659412
11619,-0.00031595345316267,0.004779345882430371,-0.03737117979455885
11668,-0.0002712705882947053,0.004840600667560673,-0.03751263970531034
11718,-0.000219478840275646,0.004908463134770836,-0.03764936110755112
11768,-0.00016062266359564447,0.004983059207800604,-0.03778010539952336
11814,-9.475698958735536e-05,0.005064339041301686,-0.03790489972067999
11865,-2.1913994844220843e-05,0.0051522707708110006,-0.03802416542696453
11915,5.7737738589277235e-05,0.005246783635082585,-0.03813733390835287
11967,0.00014419020946135938,0.005347579204741156,-0.038246061303168405
12014,0.00023736992435475425,0.005454634997040247,-0.03834995401804375
12066,0.000337104772991766,0.005567998996647138,-0.038447818287347744
12119,0.0004433545798029016,0.005687527553902021,-0.03854078663720026
12171,0.000556049078255334,0.005813192406915404,-0.03862894895972597
12221,0.0006751282575118193,0.0059448401027353,-0.03871338989787305
12270,0.0008004971145965934,0.006082372498408224,-0.03879430229643251
12322,0.0009319962159824153,0.006225794365594605,-0.03886979378415193
12369,0.0010694434015189813,0.00637498109187857,-0.03893969470671235
12420,0.0012126953574202266,0.00652977399695362,-0.039005214103217965
12470,0.001361538992379499,0.006690260330199531,-0.039068061265590384
12520,0.001515919478431349,0.006856204836083426,-0.039129006126696224
12567,0.001675866227641222,0.007027336773314548,-0.03918682236754184
12617,0.0018412321564177524,0.007203731260973903,-0.039241087441836756
12665,0.00201186767871272,0.007385311740551795,-0.03929168332996645
12717,0.0021876337707014168,0.007571925824932466,-0.039338584512729965
12768,0.0023684042870903703,0.007763483313931242,-0.0393822280742689
12817,0.0025540249987009546,0.007959881701443145,-0.03942282783681012
12865,0.002744355102500716,0.008161034624967253,-0.03946084915295035
12913,0.0029392959317723452,0.008366869299442173,-0.03949630887777693
12962,0.003138715619013495,0.008577216040459544,-0.03952875764915176
13008,0.0033424756749179303,0.008791869276148551,-0.0395578220385915
13058,0.0035504610837216143,0.00901074147208159,-0.03958390047193664
13107,0.003762559486832135,0.009233786592157005,-0.039607587732254555
13156,0.003978648432038823,0.0094607891272728,-0.03962812596015417
13203,0.004198686468523922,0.009691828914522483,-0.039646366091942276
13249,0.0044226296193830865,0.009926837337444075,-0.03966212471588272
13297,0.00465038289334217,0.010165628613407364,-0.03967497304101175
13346,0.004881899726159368,0.010408226246352195,-0.03968574449260463
13395,0.0051171101963562995,0.010654393050884742,-0.039694457824725034
13445,0.0053559638337599205,0.01090395490824148,-0.03970186663171116
13494,0.0055984117391686,0.011157085469322304,-0.039706614724337085
13541,0.00584459392575019,0.01141375818794329,-0.03971015756649259
13591,0.006094645559674531,0.011673954308694163,-0.03971294099885719
13640,0.006348537237606711,0.01193753208141648,-0.039713380492761456
13689,0.006606230192899747,0.012204485148401934,-0.03971134619020686
13739,0.006867662726068913,0.012474899950552077,-0.0397063792069959
13787,0.007132720300860603,0.01274888595256391,-0.03969791945618701
13836,0.007401258283442108,0.013026344997311232,-0.039685640204758656
13886,0.007673509361048319,0.01330659130319836,-0.03967261289969488
13933,0.007949754001976967,0.013589765990238286,-0.039658956192502405
13983,0.008230030599514318,0.013876216125752412,-0.039643256404278154
14032,0.00851432429681297,0.014165965067584456,-0.039625321958089585
14083,0.00880256409821231,0.014458867617508198,-0.039604962022437566
14131,0.009094685446769512,0.014754712991488846,-0.0395824214806844
14181,0.009390607413439243,0.015053902577350214,-0.039556876970766694
14231,0.009690222962873845,0.015356012213347653,-0.0395287980586726
14282,0.009993431305475043,0.0156607860388896,-0.03949852905973809
14330,0.010300082669523113,0.015967876400720397,-0.039466209132766494
14383,0.01061002498764227,0.01627707694910599,-0.03943202503697748
14434,0.010923106034503883,0.016588503276710374,-0.03939567648672771
14485,0.01123916764037216,0.016901652411480752,-0.039357770393041364
14534,0.011558079089283215,0.017216274149871525,-0.039318663838394934
14586,0.0118796834693895,0.017532394972498932,-0.039277915295600443
14639,0.012203844374180291,0.017850616427158364,-0.03923467671754234
14690,0.012530515118994456,0.018171591886699128,-0.039188581091684
14740,0.01285967904188476,0.01849548724180849,-0.03913949750756395
14789,0.013191169582013152,0.018820888461175474,-0.03908844914637117
14841,0.013524668575238399,0.019146598186433345,-0.039036192910092825
14893,0.013859819255454086,0.019472369986138906,-0.03898276070814468
14943,0.014196317050100434,0.019798190023886934,-0.038928285597310916
14993,0.014533743824552801,0.020123234572999523,-0.03887315673099286
15045,0.014871827685368122,0.020447911275302204,-0.03881718076934446
15095,0.01521036431986082,0.02077215698055301,-0.03876039949775598
15145,0.015549244996173162,0.021096719529185914,-0.0387026220191494
15197,0.01588845737533665,0.02142203340674335,-0.03864342606098202
15248,0.016227908524860803,0.021747227496695967,-0.03858294600671665
15299,0.01656762692607771,0.02207256366536239,-0.03852164948730794
15350,0.01690750408264311,0.02239698274161325,-0.03846008926574558
15403,0.01724721186788961,0.02271931356957465,-0.038396929023634174
15455,0.017586505392099237,0.023039870800992814,-0.038331408862023665
15507,0.01792540079472434,0.02336017436294525,-0.03826580544460227
15557,0.018264031614175016,0.023681223010427577,-0.038202541618872314
15608,0.01860250554990573,0.024002827336377413,-0.038141079849626724
15660,0.018940874238596733,0.02432476448416885,-0.038080450167034284
15710,0.01927909876767228,0.02464611013227465,-0.038020257085522174
15760,0.019617230388760253,0.02496754307345984,-0.03796067237654294
15809,0.019955650940058772,0.02529201480069682,-0.037902407451767026
15859,0.02029403474362256,0.0256160129361896,-0.03784442790239934
15911,0.020632114205153863,0.025939301496953525,-0.03778723245551809
15964,0.02097026950534638,0.026265394606570208,-0.03773188280397146
16015,0.021308757507020947,0.02659380789356352,-0.03767788117435188
16066,0.021647780771701857,0.02692392884217092,-0.037624629685079965
16119,0.02198738687103156,0.027254956915181,-0.03757137306980871
16169,0.0223276193299494,0.02758698881467859,-0.03751819435076027
16220,0.02266840213612165,0.02791935915525283,-0.03746414741664773
16268,0.02300961401099435,0.028251537620643707,-0.03740869083676996
16317,0.023351290604957525,0.028584354363208938,-0.03735313206228747
16365,0.023693441236709117,0.028917821134560553,-0.037297456811106834
16415,0.02403600187732153,0.029251508136321654,-0.037241058975395494
16463,0.02437905496174202,0.029585897025447238,-0.037185002200926374
16515,0.02472269915564197,0.029921176487659986,-0.03712942444745911
16563,0.02506699897361712,0.030257295379375257,-0.037074006321663605
16613,0.02541203454769637,0.03059444658608053,-0.03701937686361952
16661,0.02575775382728178,0.03093239593182622,-0.03696446335298146
16710,0.02610409362657344,0.031270952920994834,-0.03690870311130461
16758,0.026451047972470373,0.03161012452486632,-0.03685253543253026
16807,0.02679870313803119,0.03194997511890817,-0.03679666928481294
16857,0.02714712538547953,0.03229056489524331,-0.036740907182131924
16905,0.02749635452478929,0.0326319256647707,-0.03668487152772965
16954,0.027846451525932313,0.03297412010860809,-0.036628678218681515
17003,0.028197503542157387,0.0333171165769934,-0.03657284332252046
17053,0.02854979689091574,0.03366114117819791,-0.036518582691344836
17103,0.02890350251344488,0.034006413981930265,-0.0364647479672265
17154,0.02925862933028989,0.03435313209831958,-0.036409357268562606
17200,0.029615157881118202,0.03470104912318622,-0.03635291470195698
17249,0.02997298882178218,0.03504971962930601,-0.036296401667042184
17297,0.030332045267203938,0.03539901105357521,-0.036239603847962015
17345,0.030692279088286433,0.035748846234659605,-0.036182424816544635
17393,0.03105364061219513,0.036098843859869625,-0.0361249635783061
17443,0.03141609419522775,0.036449270300245314,-0.036066977808550414
17494,0.03177962298085956,0.0368001574044614,-0.03600848687015772
17545,0.032144225318814994,0.03715179720772913,-0.03594932922973835
17593,0.03251007293465226,0.037503357477663486,-0.03588968637803323
17643,0.03287731075297522,0.03785479619202109,-0.0358295144795141
17692,0.033245947542899806,0.038207222787867826,-0.03576898371295068
17741,0.033615987039721046,0.03856017431922293,-0.03570809643008949
17788,0.033987532804343384,0.03891327069535507,-0.0356449644767285
17840,0.03436126977050581,0.03927021112659205,-0.03557859427616191
17889,0.03473772069103045,0.03963224359880372,-0.03550908247078635
17939,0.035116788476280435,0.03999636712063235,-0.03543654871262955
17988,0.035498427365245805,0.04036333230261075,-0.03536137219716181
18037,0.035882625099993806,0.04073336923828084,-0.03528386219309604
18087,0.03626957980068503,0.04110729783888202,-0.0352040248485286
18137,0.036659492691232455,0.04148545901923015,-0.0351219358358936
18187,0.03705238145316886,0.04186708430924363,-0.035037394687694054
18235,0.03744836326724845,0.04225265582006904,-0.03495077789811055
18283,0.03784739949891581,0.04264154674439467,-0.03486153170826366
18329,0.038249326892233815,0.04303297468236643,-0.03476901502160234
18377,0.038654265164064415,0.04342785970149286,-0.03467432141826834
18425,0.03906233462873218,0.04382634832525074,-0.03457738168697052
18473,0.03947373045557705,0.04422867959518544,-0.03447823340203532
18521,0.03988861709719329,0.04463495325860511,-0.03437656580367367
18569,0.04030707437670317,0.04504508153742269,-0.034272170239378036
18616,0.04072939511769479,0.04545982944666739,-0.03416579220152715
18663,0.0411558897370829,0.045879531930344185,-0.03405728231116456
18710,0.041586682979549844,0.04630391448571436,-0.033945639323566854
18758,0.04202172636194578,0.04673257266825947,-0.0338301368272669
18808,0.042461214975863706,0.04716604625078199,-0.033711761172066375
18859,0.042905428282929425,0.0476047941409875,-0.033591258493151144
18907,0.04335452449345014,0.04804874125910085,-0.033468043143209725
18957,0.04380851147076468,0.04849761192875331,-0.0333410477069397
19008,0.044267303667109355,0.0489512568638387,-0.03321009538462368
19057,0.04473107421901912,0.04941015886327197,-0.03307716529298954
19107,0.045200114095779995,0.04987474328473276,-0.03294324911512632
19155,0.04567454342613239,0.05034488053787927,-0.03280690997420286
19204,0.04615435349417801,0.05082039952131694,-0.032666914906407954
19250,0.04663954248790743,0.05130133473372006,-0.03252381752326948
19298,0.047130057242145244,0.05178755481192329,-0.032376982024381024
19348,0.04762571830871946,0.05227876613821748,-0.03222544012791551
19396,0.04812635737120717,0.05277483195090287,-0.032069605956873505
19445,0.04863182378156497,0.053275566025251096,-0.03190884688884065
19495,0.04914219295931805,0.053781121860143805,-0.031746441970020356
19546,0.04965752568811427,0.054291560949650985,-0.031582172623925014
19594,0.050177746909048145,0.05480673512657274,-0.03141356255880508
19642,0.050702781264774316,0.05532658068935909,-0.03124084367971936
19689,0.051232566313597794,0.05585102907170519,-0.031065083310294173
19735,0.05176725376215383,0.05638020905268049,-0.030888484325724785
19784,0.05230689127455223,0.0569141857870658,-0.03070935949862271
19832,0.05285130470023886,0.05745272846544895,-0.030525184642015795
19883,0.053400267542187935,0.057995614421310196,-0.03033546202298395
19933,0.05394844340324224,0.05853622859385293,-0.03016204481487057
19985,0.054490722865779884,0.05906960485022069,-0.03001008308361252
20034,0.055027302623602684,0.05959742866364503,-0.029864414484529984
20082,0.05555838520709242,0.060119851060143364,-0.029725938345103287
20131,0.056091058019707596,0.060639228705524253,-0.029591183880510928
20184,0.0566321609375863,0.06116222192032928,-0.029453349470827315
20232,0.057181428354727205,0.0616931136473587,-0.02930913778362019
20278,0.05773860017890174,0.06223165643980777,-0.029158951310379905
20325,0.05830342304212913,0.06277760481621221,-0.029002882868964967
20372,0.058875673346408565,0.06333074944172243,-0.028841146329239214
20419,0.059455127176703725,0.06389087337104478,-0.02867380526752574
20465,0.060041567594314026,0.06445775913456787,-0.028501070562139776
20512,0.06063479900650386,0.06503121722771821,-0.028323287163151727
20558,0.06123464244518497,0.06561107559660566,-0.02814048145920963
20605,0.06184091579855208,0.06619715779796984,-0.02795267515381855
20652,0.062453417519853574,0.06678926721504332,-0.027760210528987972
20700,0.0630719318107795,0.06738718012052683,-0.027563454172068135
20749,0.06369623874897971,0.06799066655485168,-0.027362482703637912
20798,0.0643262483441705,0.06859959200891187,-0.027158333912106206
20846,0.06496201010354045,0.06921397591653732,-0.02695176748600555
20896,0.06560365493898501,0.06983397518307101,-0.026742707364728505
20946,0.06625129179147157,0.07045975524816991,-0.02653035989600852
20994,0.06690501790082976,0.07109145686869435,-0.026313607361538337
21043,0.06756494899209828,0.07172917435141113,-0.026092126193777942
21093,0.06823119841829439,0.07237300287494398,-0.025865972533563823
21142,0.06890404791487222,0.07302320705616631,-0.02563530443689474
21191,0.06958388704310633,0.07368014713621257,-0.02539969111807341
21242,0.07027133240410018,0.0743444261659,-0.025158927459667024
21294,0.07096676034012565,0.07501642386663539,-0.024911986804668287
21345,0.07167064076955068,0.07569660886136426,-0.02465829292512117
21393,0.07238325029685538,0.07638524323072746,-0.0243971362413246
21440,0.07310479953479153,0.07708253103179065,-0.024128189751807968
21489,0.07383524486184635,0.07778845160522666,-0.023851188441630186
21537,0.07457445125135202,0.07850286473481592,-0.023566020601562435
21586,0.07532298746678151,0.07922630789087369,-0.02327324146454174
21634,0.07608147629843116,0.07995940320642952,-0.02297219558788935
21683,0.07685058125909214,0.08070277999489349,-0.022662259862967805
21732,0.07763038506859196,0.08145650906562764,-0.022342532864524357
21783,0.07842174700767797,0.08222137833815985,-0.022012675265309856
21833,0.07922569921699786,0.08299839361167397,-0.021671902185285166
21883,0.0800424766009009,0.08378786437260784,-0.021319355767656766
21931,0.0808748545795534,0.08459250340798075,-0.020954553894973315
21981,0.08172531012911675,0.08541469848996709,-0.02057485368608115
22031,0.0825939229325289,0.0862545487537738,-0.020177992438589552
22081,0.08348194240131758,0.08711328325148442,-0.01976349703819129
22128,0.0843899917006934,0.08799144043927179,-0.019330371043063347
22177,0.08532025160219196,0.08889132263014907,-0.018877050801571
22226,0.08627508818819049,0.08981523390516342,-0.018401455140065148
22278,0.0872526642072344,0.09076131261929454,-0.017903035085800385
22328,0.08825142214108392,0.09172805850022958,-0.017383352086903434
22377,0.08927180154581377,0.09271573494500815,-0.016843174966744683
22427,0.09031351105556203,0.09372406632174472,-0.01628251022688513
22477,0.09137498796303867,0.09475158489478991,-0.015702315306507186
22525,0.09245667227927529,0.09579876980095275,-0.015103327048003014
22575,0.09355869217710226,0.09686574930412516,-0.014485409869096707
22625,0.09467947367653741,0.09795094475556504,-0.013848901327278881
22674,0.0958182950558898,0.09905363054537854,-0.01319466935734579
22722,0.09697651499393159,0.10017493522668475,-0.012521863009745947
22772,0.09815479502230152,0.10131557922304867,-0.011829400028956358
22822,0.09935458749913344,0.10247662856544534,-0.011113499874531222
22875,0.10057716986797795,0.10365935659494499,-0.010372779137813419
22924,0.10181983641406583,0.1048617521975378,-0.009611480094296703
22976,0.10308178903178128,0.1060827778437593,-0.00883025388664565
23025,0.10436433157371901,0.10732351315526784,-0.008029388502295799
23073,0.10566764029659993,0.10858428291315128,-0.007208399842144108
23123,0.1069908583626586,0.10986436958538914,-0.006367833834155387
23174,0.10833381569274587,0.11116359199791863,-0.0055090011682178645
23223,0.10969666509028289,0.11248206322977618,-0.004631087469970928
23273,0.11107981494981056,0.11382013960915581,-0.0037335218268536047
23321,0.11248390984674753,0.11517841473068727,-0.0028154954156072902
23371,0.11390888466224938,0.11655686227604267,-0.0018771606293901887
23419,0.11535390051143725,0.11795473460876682,-0.000919626244807654
23468,0.11681769387336971,0.11937084741985296,5.563466540532085e-05
23516,0.1182992261635344,0.12080419448049869,0.0010476366130009755
23564,0.11979861787957512,0.12225474186531993,0.00205733874964051
23612,0.12131574136283517,0.12372240732330683,0.0030843479685526394
23660,0.12285010474630748,0.12520674430358034,0.0041280931996642125
23707,0.12440118774724318,0.12670724544860604,0.0051878792666344015
23755,0.12596775790344558,0.12822284121143995,0.006261648181010085
23802,0.12754923393554785,0.129752882464608,0.007349672417566102
23849,0.1291450230533775,0.13129680426039528,0.008451252613336827
23898,0.13075466978240913,0.1328541426723352,0.009566062286729748
23948,0.13237715252663085,0.13442393069831196,0.010691986533184447
23996,0.13401130636069095,0.13600507188078345,0.01182780102332397
24045,0.13565701577360934,0.13759733328190482,0.012975515836311555
24093,0.13731478037699293,0.13920109033723518,0.01413701622726563
24143,0.1389848270100882,0.1408166811448774,0.01531121052291499
24189,0.1406664619565779,0.1424433958192168,0.016493177964786325
24239,0.14235930937698102,0.1440808886885296,0.017681644742164156
24287,0.14406326846588924,0.14572924250016828,0.018878604647187252
24338,0.14577847977975217,0.14738850067860676,0.02008455663755126
24384,0.14750511084561946,0.14905884524077487,0.021299973494927738
24432,0.14924320417351694,0.1507403535841797,0.02252532263766815
24481,0.15099215843306,0.1524323400897671,0.023761589309616426
24531,0.15275137825481072,0.15413424924907004,0.025008611974420492
24581,0.15452091730411524,0.15584619843468706,0.02626505044359655
24629,0.15630100107470746,0.1575683841808756,0.027530814369162666
24678,0.158092250891871,0.1593014084730955,0.02880598248424921
24727,0.15989537531530085,0.16104592667814208,0.030091202760162385
24775,0.16171111243049544,0.1628026781745008,0.03138722220820885
24823,0.1635403576207757,0.1645724538478904,0.03269504227916338
24872,0.16538331303535894,0.16635543307576506,0.034015546220895664
24919,0.1672406738220177,0.16815233714452893,0.035348894997639255
24968,0.16911338646733765,0.16996407679494457,0.03669580459159656
25018,0.17100127343965205,0.17179051404166587,0.03805724007773964
25069,0.172904339380592,0.17363165537744174,0.03943312233597614
25118,0.1748230484409558,0.17548794243909932,0.04082379171801763
25169,0.17675769243359335,0.17735966154014954,0.04222959844326642
25222,0.17870756989546285,0.17924614364405592,0.04365010542621013
25273,0.1806733497492574,0.1811481287386096,0.04508674365055316
25325,0.1826567739361043,0.18306732376458495,0.04654103041205104
25374,0.18465809904511168,0.18500387781063177,0.048012553939320884
25425,0.1866766885260832,0.186957152936516,0.04950085361844583
25477,0.18871192564254818,0.18892655269256348,0.05100533190994425
25529,0.1907643334258364,0.1909126606020992,0.05252700587428283
25578,0.19283345857613146,0.19291497012433417,0.054065022008984366
25629,0.19491887855834594,0.1949331492785243,0.055619167552363964
25681,0.19702029838233925,0.19696691811953593,0.05718913490644307
25735,0.1991379811724729,0.199016495336403,0.0587756558933265
25785,0.20127278519539116,0.20108276373515838,0.060379837698292395
25835,0.2034243151889351,0.20316522337793477,0.06200035706903839
25884,0.20559151096605727,0.20526274427889057,0.06363553756958569
25934,0.20777156735345975,0.20737238261371618,0.06528012053385583
25984,0.20996351844371386,0.20949331502793003,0.06693503498098
26035,0.21216754188649511,0.21162590647691984,0.06860216609676022
26085,0.21438215358097856,0.2137686180158688,0.07027788579945965
26136,0.21660558214958386,0.21591966133686805,0.07195969309800287
26185,0.21883658359262714,0.21807784450014348,0.07364663420359574
26236,0.22107409875577952,0.22024212587171046,0.07533777647317472
26289,0.22331790318902206,0.22241255083779318,0.07703561572690881
26339,0.22556744847365437,0.22458785690281885,0.07873637475512739
26391,0.2278209740547394,0.2267658230131355,0.08043397404455027
26443,0.23007784203214982,0.22894673436447902,0.08213335213307758
26493,0.232338053942214,0.23113093259546832,0.08383590562600453
26545,0.23460136613969637,0.23331816809875935,0.0855430738340718
26597,0.23686767506900738,0.23550794404849268,0.08725271946376953
26648,0.23913719226833174,0.23770043191167073,0.08896367801290937
26700,0.24141051005327765,0.23989660206067087,0.09067769829130373
26750,0.24368786231216935,0.24209665030028912,0.09239253182010346
26802,0.24596920595846053,0.2443005681389989,0.09410894789533981
26849,0.24825456992605033,0.2465084071553491,0.09582788994694064
26900,0.2505439711067786,0.24872013481931665,0.09754974698746628
26951,0.25283730896633516,0.25093562632505567,0.09927496860759276
27001,0.2551345851253673,0.25315492330437134,0.10100306334147152
27049,0.2574362951069682,0.25537852764442814,0.10273279614217759
27100,0.2597430609446924,0.25760703255425876,0.10446446074243874
27149,0.2620552561938538,0.25984077870012023,0.10619907502085396
27199,0.2643731256309192,0.2620800102912811,0.10793776587974584
27247,0.2666970040963492,0.2643250858780532,0.109680832759895
27296,0.26902726516149666,0.26657637320608163,0.11142870480961838
27346,0.2713639358299114,0.2688338942148105,0.11318232128354523
27395,0.27370708547490047,0.27109770316383763,0.11494171009797732
27445,0.2760567704891219,0.27336784716321316,0.11670700775662395
27493,0.2784140124516161,0.27564538339147265,0.1184768316283251
27543,0.28078018962113166,0.2779316769823245,0.12025133254995288
27593,0.283155477153013,0.2802268361672347,0.12203323691038186
27642,0.28553966673452674,0.28253063188053684,0.12382346644081685
27691,0.2879323774568015,0.28484266986615464,0.1256222248723032
27741,0.2903340126885051,0.28716363397056527,0.12742784638953014
27793,0.2927453030737419,0.2894943582935575,0.1292405264385428
27840,0.29516721372467664,0.29183571552446974,0.13106161379855505
27890,0.29760023637058575,0.29418801727199456,0.13289232115164165
27939,0.3000443419217541,0.2965510475121713,0.13473351430546682
27988,0.3024995892372421,0.29892489463939315,0.13658521004101362
28040,0.3049657001096979,0.30130929331772466,0.13844772855624932
28090,0.30744372766602324,0.3037055728433553,0.1403208869159886
28139,0.30993485258114045,0.3061148974064647,0.14220566748389468
28189,0.3124412922119919,0.3085390466582457,0.1441036379872614
28240,0.3149677768610564,0.31098265315412654,0.14601791500863684
28289,0.31751603195938266,0.31344749459082,0.14795200384493992
28340,0.32008649704746944,0.315933968591362,0.1499072216692456
28387,0.32267927258148627,0.31844215649472746,0.1518836703852526
28438,0.3252926710942683,0.32097032858633,0.15388075934473852
28490,0.32792618073785357,0.3235179703749431,0.15589763610942184
28538,0.33058024921864865,0.3260855458754568,0.15793441134832703
28587,0.33325470926132617,0.32867289301927743,0.15999097918234684
28635,0.33594941052278904,0.33127984382525166,0.1620671881922007
28682,0.33866227639659724,0.3339044915249659,0.1641606563776104
28731,0.34138922324518456,0.33654280252916025,0.16626695137621192
28776,0.3441275392590776,0.3391919909701309,0.16838350169253205
28825,0.3468759832907335,0.3418509430497152,0.1705094534658637
28872,0.3496334422154039,0.34451862396973354,0.17264398715944954
28920,0.3523993700868944,0.3471944639413695,0.17478754579854508
28969,0.3551718544773244,0.3498766465344688,0.17693843090009037
29021,0.3579498930376416,0.3525641822357531,0.1790945712564446
29073,0.3607355895913929,0.3552590364773415,0.1812578647015207
29125,0.3635273235550063,0.3579595064472248,0.18342779049762656
29174,0.36632450170996844,0.36066476302298006,0.1856032332434581
29225,0.3691308706940352,0.36337850230745644,0.18778612795098698
29277,0.3719483902391798,0.36610293130112564,0.18997895175317653
29326,0.3747782172113139,0.36883926157843794,0.1921827064471663
29378,0.3776218177139028,0.3715888891591202,0.19439846045452222
29430,0.3804802341182504,0.37435283039387957,0.19662736760664412
29483,0.38335504239730367,0.37713260357443984,0.19887038310544092
29534,0.3862468752297338,0.3799288502148109,0.20112881159327312
29585,0.38915626519941177,0.3827421945937381,0.2034029055876063
29635,0.3920839613585253,0.38557332214853934,0.20569317607972437
29686,0.3950319087134041,0.3884242754972681,0.20800086603161091
29737,0.398001234761549,0.39129622356219723,0.21032795746715463
29790,0.40099057987869885,0.39418760246165757,0.21267538635735111
29839,0.40399916557834264,0.39709756064064056,0.2150415816286521
29890,0.4070269398344339,0.4000259447442211,0.21742522702603317
29942,0.41007384747194886,0.40297271003594426,0.21982595455975476
29995,0.41314032851777055,0.4059380571764148,0.22224262736602415
30046,0.41622747187986525,0.408922649016485,0.22467415696124163
30098,0.41933588166349517,0.41192733154847294,0.22712150670701703
30151,0.4224653229998423,0.41495233534325615,0.229587447242033
30201,0.42561513388058136,0.41799709418082875,0.23207341748187746
30255,0.4287843832751835,0.4210605411396896,0.23457756176466515
30307,0.43197161053346406,0.42414117560548653,0.23709745859973289
30360,0.43517503289306525,0.4272371384608114,0.2396307880944847
30414,0.43839242453731286,0.43034626107015284,0.2421753086603598
30467,0.44162040578493805,0.4334653171871765,0.24472714326310685
30519,0.4448576664200054,0.4365931445560707,0.24728663370276155
30573,0.448104718560286,0.4397304626914719,0.2498561641851011
30627,0.4513625324663355,0.4428780680626854,0.2524367804838457
30680,0.45463151875648145,0.4460363850515764,0.25502875291170357
30731,0.45791184549087544,0.44920565768646625,0.25763184642263415
30783,0.46120394899542866,0.452386311285393,0.2602469283788155
30836,0.464506236619422,0.4555769577030901,0.26287224772581846
30887,0.46781685330962197,0.4587758663310915,0.2655055101436591
30938,0.4711350699232446,0.46198220568994036,0.26814571854540636
30989,0.47446081877357277,0.46519582850112745,0.27079264045081364
31039,0.47779519645689295,0.4684173152477358,0.2734458761116716
31091,0.48113932259781844,0.47164774100783763,0.2761067639497526
31144,0.4844933274538915,0.47488758769875866,0.27877638206829986
31197,0.4878583063839245,0.47813771746084066,0.2814539622425954
31247,0.49123492715346356,0.4813989151887669,0.2841408036418365
31298,0.4946231016244224,0.48467119326108865,0.2868369396979248
31350,0.4980228031726828,0.48795450349834335,0.2895418241464992
31403,0.5014337253167317,0.4912486774284615,0.2922564007666835
31455,0.5048554718033805,0.4945533628105444,0.29498061109084917
31505,0.5082874630066552,0.4978680116499883,0.29771361352895864
31556,0.5117289298243289,0.5011919300907561,0.3004543613452095
31607,0.5151793017321141,0.5045245453120323,0.30320299963628705
31659,0.5186374762003154,0.5078649503294704,0.30595784549530397
31707,0.5221021469487878,0.5112119292045666,0.3087172018158418
31758,0.5255727658202393,0.5145647536268255,0.31148154478591833
31808,0.529049348798746,0.5179232969578205,0.31425170429175564
31857,0.5325314618714603,0.5212872415048312,0.3170267505309393
31906,0.5360183433656089,0.5246559449948734,0.3198053919086116
31955,0.5395096020375696,0.5280289475300093,0.322587566970921
32005,0.5430045589809624,0.5314056662962131,0.3253722935368912
32055,0.5465037479701791,0.5347862926398922,0.32816029398269353
32103,0.5500075160873432,0.5381712309697166,0.3309515542449522
32152,0.5535146478643566,0.5415597398225549,0.3337436688389287
32201,0.5570240429323521,0.54495074594736,0.3365351648139228
32249,0.560535789127715,0.5483439555693937,0.3393251963391469
32299,0.5640511883187811,0.5517402313515223,0.34211435105934385
32348,0.5675714215872045,0.5551407411047504,0.34490321330484336
32396,0.5710981634556985,0.5585469824889704,0.3476927482035961
32444,0.5746324215869633,0.561960162658623,0.35048364696071016
32492,0.5781749855968251,0.5653810375294671,0.3532762830489288
32540,0.581726068061199,0.5688100311004265,0.35606927974607766
32589,0.5852855237014866,0.5722470941112081,0.3588703327074147
32638,0.5888538441439592,0.5756924541076673,0.3616894784308509
32689,0.5924318554056555,0.5791467733693827,0.36452685679320695
32740,0.5960210909806739,0.5826112427901816,0.36738270179143745
32790,0.5996220151277198,0.5860867116468071,0.3702576956458992
32839,0.6032359104644327,0.5895741459302769,0.3731532006218866
32889,0.6068673349539526,0.5930765203766748,0.3760726161490465
32942,0.6105180238605709,0.5965964858391122,0.37901848531176985
32994,0.6141875613072222,0.6001345534018913,0.3819915492403833
33046,0.617877227831022,0.6036913835209852,0.38499020897402514
33098,0.6215874774883087,0.6072678944143654,0.38801065280779384
33150,0.6253190513699363,0.6108647068530508,0.39105302916515383
33202,0.6290716246246878,0.6144818060340104,0.39411875512514344
33254,0.6328438507908595,0.6181182271533749,0.3972066445246871
33305,0.6366371918482105,0.6217746471213609,0.40031587746091113
33357,0.6404536645642401,0.6254528541438652,0.40344745135538956
33410,0.6442933526543542,0.6291533385377795,0.40660238159282697
33462,0.6481560504838101,0.6328759909714056,0.4097801552364266
33512,0.6520423237645503,0.6366212642990355,0.41298021772038085
33564,0.6559536913943591,0.6403905727500059,0.4162031659195046
33617,0.6598921392180028,0.644185873531079,0.41945021575027563
33669,0.6638603524178065,0.648009753688889,0.4227238504353403
33719,0.6678592408631482,0.651863266407223,0.42602628266663245
33769,0.6718890495674533,0.6557465169458304,0.42935757260478824
33820,0.6759500627719336,0.6596597783732184,0.43271805369410915
33871,0.6800421315429594,0.6636028098653826,0.4361072724133351
33924,0.6841646490975505,0.667575187695501,0.43952525839676887
33975,0.6883166397997346,0.6715760766855321,0.44297188038926094
34027,0.6924987581976244,0.6756054471137798,0.44644546312239014
34079,0.6967113885471865,0.6796637669967649,0.44994677755498313
34130,0.700954947399413,0.6837510308492962,0.4534751254581928
34180,0.7052298012983098,0.6878675917777263,0.45703086050566116
34232,0.7095352305168876,0.6920135750922514,0.46061568474515474
34282,0.7138707491107072,0.6961881303187968,0.46422790312252415
34333,0.7182357254964363,0.7003908162669129,0.4678674675471682
34383,0.7226294728709128,0.7046209397762417,0.47153357773375887
34433,0.7270516464157483,0.7088777657150785,0.47522451370030716
34483,0.7315017186530165,0.713161064455988,0.47894057438018356
34533,0.7359790754519927,0.7174702549058389,0.482681266568458
34583,0.7404831553683459,0.721804620644546,0.4864455409832597
34630,0.7450132693370457,0.7261637945442776,0.49023370381858156
34679,0.7495687354387585,0.730547119838365,0.4940451059519837
34731,0.7541489942574563,0.7349537966272497,0.49787826466947555
34783,0.758753627684123,0.7393835048574686,0.5017328137104075
34834,0.7633823189377621,0.7438360342853653,0.5056086333074756
34886,0.7680346638272638,0.7483112320812837,0.5095061678867501
34938,0.7727101544563657,0.7528087172811543,0.5134254064282338
34991,0.7774079629801913,0.7573278751879029,0.5173666546264758
35040,0.7821272603568642,0.7618678988777698,0.5213290901878105
35091,0.7868676813517589,0.7664281489459552,0.5253107191476853
35141,0.7916290521906705,0.7710082713243438,0.5293104855832407
35190,0.7964111364773012,0.7756076970111228,0.5333267712952139
35239,0.80121366503077,0.7802262351334973,0.537359531158942
35291,0.8060362981810142,0.7848639645973854,0.541409849895155
35343,0.8108787594921307,0.7895204671047144,0.5454752344609873
35395,0.8157406727215808,0.7941954975901394,0.5495562504080286
35444,0.8206213766045063,0.7988887639155525,0.5536558061092157
35495,0.825520375226146,0.803599851610631,0.5577724956080999
35548,0.8304375101896251,0.8083292075014169,0.5619026836822545
35598,0.8353724601659385,0.8130764222259754,0.5660472456894893
35649,0.8403246446955305,0.8178402805315917,0.5702088067108463
35698,0.8452936784699637,0.8226208993943877,0.5743852836427569
35748,0.8502792134935135,0.8274180209954152,0.5785760983042763
35799,0.8552808443150197,0.8322311684648007,0.582781500863155
35847,0.860298277417287,0.8370605711913378,0.587000382963652
35895,0.8653310017529975,0.8419049474921794,0.5912338546909411
35945,0.8703785677196257,0.8467640289084054,0.595481494598004
35995,0.875440706567298,0.8516381232448843,0.5997421532532418
36043,0.8805170586927936,0.8565264551151751,0.6040162500327396
36093,0.8856074559166817,0.8614297007658113,0.6083028601180321
36142,0.8907118254932949,0.8663482951078593,0.6126014991700974
36190,0.8958298525799568,0.8712807831233847,0.6169131588042401
36240,0.9009611644674186,0.8762264142497872,0.6212381764009293
36290,0.9061054380721506,0.8811850511339869,0.6255760404557912
36339,0.9112623253370441,0.8861562611667652,0.6299266037879514
36390,0.9164315491153836,0.89114014194664,0.6342899108357133
36442,0.9216127150271887,0.8961355688966368,0.6386666884471334
36490,0.9268053669103894,0.9011416155190238,0.6430566331825553
36540,0.9320092585341765,0.9061596436623842,0.6474588159637308
36590,0.9372241417317168,0.9111893668910616,0.6518706150317204
36639,0.9424496900166638,0.9162295842588098,0.6562900983875967
36689,0.9476855470839591,0.9212796251646869,0.6607181122385308
36741,0.9529313488063621,0.9263389878077196,0.6651547799624702
36791,0.9581866158410263,0.9314065680511481,0.669599329339706
36837,0.9634505949014306,0.9364795791223298,0.6740500714847839
36888,0.968722884506555,0.9415593468962636,0.67850731932633
36937,0.9740033295357841,0.9466474846367063,0.6829719942129557
36986,0.9792915456120291,0.9517425750960646,0.687443321032316
37036,0.9845870752065728,0.9568437225466585,0.6919205268651395
37084,0.9898895258256556,0.9619508461783352,0.6964034755085601
37134,0.9951985258500127,0.9670636807025521,0.7008918299746862
37182,1.0005138618187561,0.9721825775511136,0.7053861257616348
37231,1.0058352790864844,0.977307415068859,0.7098860451274935
37281,1.0111625538188795,0.9824379406260136,0.7143913412611974
37330,1.016495604085104,0.9875739415473035,0.7189019603935877
37380,1.0218342308080022,0.9927148571163751,0.7234172864301873
37428,1.0271781483851152,0.997860706287287,0.7279371913380127
37478,1.0325273447770564,1.0030118989711807,0.7324623456784876
37528,1.0378818898266915,1.0081686604563662,0.7369931434633595
37576,1.0432414753955366,1.0133301228253002,0.7415281793929736
37624,1.0486057379293883,1.0184958625369656,0.7460668829586619
37673,1.053974297440861,1.0236655373207577,0.7506088610099808
37722,1.0593469885376774,1.028839183895167,0.7551551776424101
37770,1.0647236001389948,1.0340165689991103,0.7597052511751542
37819,1.0701037574257943,1.039197199833041,0.7642570918114607
37868,1.0754873969922967,1.0443810192156564,0.7688130928888042
37919,1.080874522758738,1.0495681424600656,0.7733735781643838
37969,1.086265062519326,1.0547585546353018,0.7779374724863057
38020,1.0916589089115114,1.059952216632871,0.7825047360854782
38071,1.0970556800358424,1.0651497470038163,0.7870717817662126
38119,1.1024550573440506,1.0703508127498884,0.7916384783447407
38168,1.1078569916444556,1.0755542114616485,0.7962079321118248
38218,1.1132614356418837,1.0807601898051278,0.8007796011148378
38272,1.1186682883248555,1.0859686214189646,0.8053533115876123
38324,1.1240773612133776,1.0911795143351448,0.8099287228416903
38376,1.1294885848043161,1.0963924693714986,0.8145060055426787
38427,1.1349017299896738,1.1016088414264977,0.8190844551109875
38477,1.1403164749720751,1.106828099343344,0.8236636069361014
38525,1.1457328684145174,1.1120475160673748,0.8282451676712919
38578,1.1511508665556682,1.1172691095325773,0.8328277770910247
38629,1.156570297907018,1.1224927386519583,0.8374111977389139
38679,1.161991109868084,1.127717021966823,0.841996138237637
38729,1.167413148319956,1.1329432057619522,0.8465815372586313
38779,1.1728362429308088,1.1381703302771904,0.8511673869218254
38829,1.1782603946678092,1.143396928945203,0.8557536293556129
38880,1.1836856215468419,1.148624080088986,0.8603401480069576
38931,1.1891119090322237,1.1538519441484807,0.8649279003797737
38982,1.1945392101215615,1.159080701960068,0.8695159409473004
39031,1.19996746496936,1.1643106288598348,0.8741040540188587
39083,1.205396648512077,1.1695418779715652,0.8786931834146373
39134,1.2108267650077609,1.174774852461586,0.8832840051309288
39187,1.2162578209762755,1.1800090970238517,0.8878764758857826
39240,1.2216897565075675,1.1852448442996066,0.8924702053249772
39292,1.227122896158256,1.1904797271724912,0.8970639489019643
39343,1.2325575874442665,1.195713833778294,0.9016579019168592
39395,1.237993869858344,1.2009486402924052,0.9062528934921797
39447,1.2434317745920114,1.2061839408171033,0.9108488371162834
39498,1.2488712843160976,1.2114205765848756,0.9154462536045911
39552,1.2543123618694318,1.2166587790160301,0.9200454319138424
39605,1.2597553034460707,1.2218981060882026,0.9246449152246385
39655,1.2652006768745114,1.227138016043112,0.9292436852987734
39706,1.2706488074385682,1.2323794070789635,0.9338432286773781
39754,1.2760996655263521,1.237623356886488,0.9384452302614839
39805,1.281553384889234,1.242869922856147,0.9430494944674522
39857,1.2870101710873756,1.2481189930212184,0.9476557467871617
39908,1.2924700204360973,1.2533708740676537,0.9522645070325568
39958,1.2979329154357413,1.2586251169100657,0.956874086495821
40009,1.3033990877463646,1.2638814575187467,0.9614827922662526
40060,1.3088686963742648,1.269140582233062,0.9660929821478987
40112,1.3143415382528787,1.2744029629053566,0.9707069547460436
40159,1.3198177767946884,1.2796680811042116,0.9753214367448599
40211,1.3252978134127065,1.284936082492859,0.9799348875450643
40261,1.330781633149989,1.2902075767410757,0.9845513492986104
40311,1.3362694609757275,1.295482761083542,0.9891704642292083
40361,1.341761668520098,1.30076197190168,0.9937896463463428
40413,1.3472582109966922,1.3060455373546338,0.9984101759836689
40464,1.352759230259124,1.3113335128807222,1.003031817254167
40517,1.3582647873915599,1.3166258062117626,1.0076561387082454
40568,1.3637746970997857,1.3219222412294287,1.0122855485246038
40616,1.3692888491821023,1.3272227939756158,1.0169190028368214
40666,1.374807236980809,1.3325275551121472,1.0215551256134139
40714,1.3803297849724023,1.3378364112328678,1.0261944367432114
40760,1.3858564291181044,1.3431493274974584,1.0308362936662347
40809,1.3913871119155432,1.348466281552081,1.035480148303387
40857,1.3969217320453016,1.3537871182398649,1.0401268193038418
40904,1.4024602246970002,1.3591117793532725,1.0447760765651821
40950,1.4080024911928188,1.3644401187044974,1.0494285572597337
40999,1.4135484921425825,1.3697721071623856,1.0540838842758213
41049,1.4190982515138868,1.375107749855731,1.0587406148506981
41098,1.42465169178498,1.3804469283187422,1.0633998002915825
41149,1.43020875402109,1.3857894957999524,1.0680616915745151
41199,1.4357694491544408,1.391135212442649,1.072724477687389
41249,1.4413337279774026,1.3964841457361075,1.0773889860613226
41298,1.4469015430622938,1.4018362796877604,1.0820557836854252
41350,1.4524728993977685,1.4071914065112112,1.0867240188151486
41401,1.4580477399132996,1.4125493818177544,1.0913935828654793
41453,1.4636259908936873,1.4179102384405307,1.096064888992689
41501,1.4692076071028581,1.4232740026482442,1.1007383889354219
41551,1.4747925307462024,1.4286399879827114,1.1054121686866212
41602,1.4803806734273726,1.4340084231976309,1.1100869723979054
41650,1.4859719696639937,1.43937940585568,1.1147636441063773
41699,1.4915664037638268,1.4447522743600671,1.1194405675526171
41748,1.4971639469785705,1.4501274369166002,1.1241187866189633
41796,1.5027646250546467,1.455504591850822,1.1287977615130098
41847,1.5083682744156226,1.4608843937484752,1.1334791038773173
41897,1.5139746527696716,1.4662674152816262,1.1381643913579378
41948,1.519583800894792,1.4716514606020448,1.1428490546582786
41999,1.5251956941394684,1.4770367604966688,1.1475335673560028
42050,1.5308103636615678,1.482424240326143,1.1522200299812924
42102,1.536427935572907,1.4878130572522459,1.1569073975496158
42153,1.5420485835841724,1.4932014057988876,1.161594873483952
42203,1.5476725742159019,1.4985897267026775,1.1662835174255117
42254,1.5533000292930572,1.5039803402918726,1.1709754047158278
42306,1.5589310946302317,1.5093722270837902,1.1756701988113691
42357,1.56456582694264,1.5147667971355552,1.1803682230060604
42409,1.5702040987486576,1.5201652488040018,1.185069847559129
42463,1.5758460593265609,1.5255687758501242,1.1897736151886902
42515,1.5814918748982778,1.5309780827330757,1.194479294659884
42566,1.587141507249766,1.536392101794725,1.1991878253180397
42618,1.5927949682031055,1.5418115444912686,1.203899156840911
42670,1.5984522280320894,1.5472356894852437,1.2086133909747234
42720,1.6041132239949376,1.5526639987542272,1.2133306927274017
42771,1.6097779693946581,1.5580969452177853,1.2180507706529262
42820,1.6154464314517318,1.563533943307819,1.22277403064829
42871,1.6211185670343904,1.5689749343546533,1.2275003879199922
42920,1.6267943957879396,1.574420431593293,1.2322293397135067
42972,1.632473875126069,1.579869965458486,1.2369611541487842
43022,1.6381569831591438,1.5853235940201225,1.2416956536161432
43070,1.6438435477698754,1.5907803850513595,1.2464338902719023
43119,1.6495334736161182,1.5962403678961972,1.2511755535075866
43169,1.6552267088188644,1.6017038241589394,1.2559202373061398
43217,1.6609232089904145,1.6071705905996747,1.2606676758477104
43270,1.6666230656909602,1.612641346052714,1.2654164464265285
43321,1.672326381718976,1.6181159924330613,1.2701669369229733
43371,1.678033218157505,1.6235941993457892,1.2749201053639478
43420,1.6837439008481596,1.6290762599678732,1.2796752753703975
43472,1.6894590477273919,1.6345627593688008,1.2844316526906834
43523,1.6951786890531615,1.640053811061001,1.2891916391767202
43574,1.7009024890633733,1.6455499429623737,1.2939588040273484
43623,1.7066304083185282,1.6510503267440024,1.298730773977531
43673,1.7123623429510506,1.6565532426653746,1.303503287172107
43723,1.7180979418403035,1.662058347617314,1.3082766647246293
43773,1.7238366294227705,1.6675644972180828,1.3130502462618834
43823,1.7295781302474185,1.6730727955379787,1.317825353357258
43873,1.735322368699282,1.6785841513586157,1.3226028888117431
43924,1.7410690104140205,1.6840965937729422,1.327381288880773
43974,1.7468180092704582,1.6896107866433403,1.3321604168220857
44021,1.7525695982707363,1.69512839139382,1.3369399979548293
44069,1.7583240044976587,1.7006499315237027,1.3417208227498647
44119,1.7640825049563325,1.7061793360140305,1.346503159061648
44170,1.7698461399732985,1.7117141200729047,1.3512889094217957
44219,1.7756145968675425,1.7172504536952369,1.3560823537191262
44269,1.781387812654239,1.722791643715761,1.3608861129389886
44320,1.7871658736530347,1.7283384393206216,1.3656980837279769
44371,1.7929485874252917,1.7338896184230224,1.370515669550497
44422,1.7987356666469585,1.7394440967690556,1.3753385581916957
44471,1.8045269199751919,1.7450021074594149,1.3801661731960377
44521,1.8103223328098668,1.7505650960436496,1.3849974411146646
44570,1.8161221890389556,1.756135030177484,1.3898310307621222
44617,1.821926627485885,1.7617109925043009,1.394667923736992
44666,1.8277355677166867,1.7672916133337873,1.3995090105049208
44717,1.8335488907056496,1.7728765309102608,1.4043544336443763
44766,1.8393665389090224,1.7784661452041286,1.4092035473836002
44815,1.8451884747842764,1.7840605564429286,1.4140561625222707
44863,1.8510145414350299,1.7896588566096436,1.4189282503337852
44908,1.8568447443238838,1.7952616646833743,1.4238188683973105
44955,1.8626791320229368,1.8008692489308145,1.4287123666133112
45004,1.8685176158387014,1.806481014863298,1.4336094313529628
45053,1.8743601248714572,1.812096879915042,1.438509787598966
45103,1.8802065022345325,1.817716456187825,1.4434138427266165
45151,1.886057573534377,1.8233432259341495,1.448315140923103
45200,1.8919143422458797,1.828977912903977,1.4532170609639339
45251,1.8977767671293608,1.8346178717366246,1.4581267221822103
45299,1.903644690419027,1.8402634178913706,1.463041046402637
45346,1.9095181110001187,1.8459149821001846,1.4679586798235629
45394,1.9153970207618511,1.8515725439771653,1.472879702054348
45444,1.9212813095076098,1.8572355949906727,1.477805198236213
45491,1.9271708895260693,1.8629040981460538,1.4827348157990052
45540,1.9330657521152865,1.868577981363061,1.487668247707369
45588,1.9389659138472344,1.8742572889016793,1.492605291099504
45637,1.944871697332536,1.8799423587142796,1.4975457242285068
45685,1.950783615150252,1.8856338318308619,1.502489080042272
45733,1.9567019051705032,1.891331754502242,1.5074367308425805
45783,1.9626265832015972,1.8970359551477989,1.5123898866191408
45833,1.9685574808040325,1.9027461783512132,1.5173489322850862
45882,1.974494245256176,1.908462053686878,1.5223142115228867
45930,1.9804366284908357,1.9141833333490972,1.5272851321441667
45982,1.9863847877021712,1.9199101389481492,1.5322604765889922
46033,1.9923391501376926,1.9256429153512136,1.537239858420472
46080,1.9983000154132202,1.9313819779564472,1.5422238886732984
46130,2.004267347462135,1.937127268741671,1.5472135155018039
46180,2.0102412550417763,1.9428789169295408,1.5522078550740928
46231,2.016221581550235,1.948636746376166,1.5572080719088242
46280,2.022206666796963,1.9543990367356014,1.5622207759067395
46330,2.02819511980228,1.9601644647413015,1.5672424389093362
46377,2.0341868321831855,1.9659330461521851,1.5722657252111036
46425,2.0401816889358666,1.9717046622672216,1.5772908287154956
46472,2.0461795921863146,1.9774792227756042,1.5823175091083193
46520,2.0521804471070184,1.9832566489573662,1.5873458271769625
46567,2.0581841618221373,1.9890368431479792,1.5923753878728029
46614,2.064190661908998,1.9948197273623391,1.5974059643499459
46660,2.070199897270106,2.0006052690470213,1.6024376545074004
46706,2.0762118165726,2.006393418466988,1.6074705612332463
46751,2.0822263407892945,2.012184084435192,1.612504613494423
46799,2.0882433933528604,2.017977192767597,1.6175397371068927
46845,2.0942629191613977,2.0237726973609464,1.6225760299226943
46892,2.1002848471437634,2.0295705234705603,1.6276134244939575
46940,2.1063090820358403,2.0353705714943056,1.6326516752069709
46988,2.112335549223155,2.0411727750259625,1.6376907083587064
47034,2.1183641982972015,2.0469770925293536,1.6427304778779728
47080,2.1243949512332483,2.052783431021758,1.6477706002064605
47128,2.1304277397516804,2.058591724348882,1.6528110071133497
47174,2.1364625268834834,2.0644019540790794,1.6578519707425825
47219,2.142499254933491,2.0702140570295433,1.6628934365791737
47267,2.148537848920262,2.0760279532692554,1.6679351807368108
47315,2.154578237594034,2.08184357516398,1.6729772868333623
47364,2.1606203418581016,2.087660844688426,1.6780195235464415
47411,2.1666640909635295,2.09347969190468,1.6830616703716454
47458,2.1727094191052325,2.099300054426788,1.6881038161638324
47506,2.1787562771197955,2.105121891898541,1.6931459112133571
47552,2.184804649780308,2.1109451968702695,1.6981880905563536
47598,2.1908544931338985,2.1167699194539336,1.7032303109163227
47646,2.196905732189595,2.1225959796895086,1.708272349847436
47694,2.2029583266968573,2.1284233458825996,1.7133143181411017
47739,2.209012274253456,2.1342520230090263,1.7183562107026036
47785,2.215067540125724,2.1400819701129907,1.7233978440903412
47834,2.2211240686722533,2.14591313328502,1.728439170622727
47880,2.227181835183497,2.151745495887971,1.7334801670510767
47926,2.2332408098332857,2.1575790231383167,1.7385209557428993
47974,2.2393009637238412,2.1634136870377714,1.7435615086999101
48020,2.2453622893360015,2.169249486186969,1.7486016646028166
48067,2.2514247765899116,2.1750864108198087,1.7536415663086347
48113,2.257488415732651,2.1809244587902223,1.7586812036762838
48159,2.263553207524886,2.1867636381714153,1.763720420669689
48204,2.2696191439760187,2.192603933918233,1.7687593649784639
48250,2.2756862071477237,2.1984453272205964,1.7737981752906211
48296,2.2817543810579832,2.204287802593955,1.7788366834583815
48343,2.2878236456869594,2.210131334735524,1.7838747202435572
48389,2.2938939889544283,2.215975911941097,1.7889122718654162
48435,2.2999654064726474,2.2218215299595085,1.7939493319962656
48480,2.3060378675441973,2.2276681471959687,1.798986020697542
48528,2.3121113205568853,2.233515713644804,1.8040222900400984
48576,2.318185739156553,2.239364215625054,1.8090581173098659
48622,2.3242610932876353,2.2452136240166856,1.8140936239334027
48670,2.330337349308375,2.2510639062251,1.8191286267695186
48717,2.3364145010161805,2.2569150562407714,1.82416296718557
48763,2.342492552944604,2.262767084396133,1.8291967958905364
48808,2.3485715066913437,2.268619992239153,1.8342302670555035
48856,2.3546513387008763,2.2744737437240143,1.8392632108494047
48904,2.3607320216291603,2.2803283123578066,1.844295450232738
48950,2.3668135289832852,2.2861836724722564,1.8493269595372306
